{
  "best_metric": null,
  "best_model_checkpoint": null,
  "epoch": 0.7527286413248024,
  "eval_steps": 1000,
  "global_step": 2000,
  "is_hyper_param_search": false,
  "is_local_process_zero": true,
  "is_world_process_zero": true,
  "log_history": [
    {
      "epoch": 0.3763643206624012,
      "grad_norm": 13.862250328063965,
      "learning_rate": 4.375862501568185e-06,
      "loss": 1.4468,
      "step": 1000
    },
    {
      "epoch": 0.3763643206624012,
      "eval_f1": 0.45731698332146464,
      "eval_loss": 1.3127639293670654,
      "eval_runtime": 22.2685,
      "eval_samples_per_second": 238.633,
      "eval_steps_per_second": 29.863,
      "step": 1000
    },
    {
      "epoch": 0.7527286413248024,
      "grad_norm": 12.350624084472656,
      "learning_rate": 3.7485886337975164e-06,
      "loss": 1.3222,
      "step": 2000
    },
    {
      "epoch": 0.7527286413248024,
      "eval_f1": 0.4884173951468326,
      "eval_loss": 1.2526686191558838,
      "eval_runtime": 22.8653,
      "eval_samples_per_second": 232.404,
      "eval_steps_per_second": 29.083,
      "step": 2000
    }
  ],
  "logging_steps": 1000,
  "max_steps": 7971,
  "num_input_tokens_seen": 0,
  "num_train_epochs": 3,
  "save_steps": 500,
  "stateful_callbacks": {
    "TrainerControl": {
      "args": {
        "should_epoch_stop": false,
        "should_evaluate": false,
        "should_log": false,
        "should_save": true,
        "should_training_stop": false
      },
      "attributes": {}
    }
  },
  "total_flos": 1.052434771968e+16,
  "train_batch_size": 16,
  "trial_name": null,
  "trial_params": null
}
